{
  "train BraTS+IXI -> test UPENN+NKI": {
    "logreg_test_auc": 0.9952444444444445,
    "rf_test_auc": 0.9888888888888889
  },
  "train UPENN+NKI -> test BraTS+IXI": {
    "logreg_test_auc": 0.31835555555555556,
    "rf_test_auc": 0.6956666666666665
  },
  "train BraTS+NKI -> test UPENN+IXI": {
    "logreg_test_auc": 0.041244444444444445,
    "rf_test_auc": 0.03377777777777777
  },
  "train UPENN+IXI -> test BraTS+NKI": {
    "logreg_test_auc": 0.046933333333333334,
    "rf_test_auc": 0.2752
  },
  "REFERENCIA random-mix 70/30": {
    "logreg_test_auc": 1.0,
    "rf_test_auc": 0.9991340920336467
  }
}