{
  "n_samples": 36,
  "n_positives": 25,
  "n_negatives": 11,
  "k": 5,
  "epochs_per_fold": 20,
  "lr": 5e-05,
  "weight_decay": 0.001,
  "seed": 42,
  "overall_auc": 0.4036363636363636,
  "overall_auc_ci95": [
    0.2128757840501792,
    0.6231363636363633
  ],
  "metrics_at_thr_0.5": {
    "tp": 15,
    "tn": 4,
    "fp": 7,
    "fn": 10,
    "sensitivity": 0.6,
    "specificity": 0.36363636363636365,
    "accuracy": 0.5277777777777778
  },
  "per_fold": [
    {
      "fold": 1,
      "n_test": 8,
      "n_pos": 5,
      "n_neg": 3,
      "test_subjects": [
        "sub-CON06",
        "sub-CON07",
        "sub-CON09",
        "sub-PAT22",
        "sub-PAT25",
        "sub-PAT27",
        "sub-PAT28",
        "sub-PAT29"
      ],
      "auc": 0.4,
      "scores": [
        0.506601095199585,
        0.5058082342147827,
        0.5071519613265991,
        0.5044414401054382,
        0.5065672397613525,
        0.5055103302001953,
        0.5070767998695374,
        0.5077641606330872
      ],
      "labels": [
        0,
        0,
        0,
        1,
        1,
        1,
        1,
        1
      ],
      "elapsed_s": 190.1
    },
    {
      "fold": 2,
      "n_test": 7,
      "n_pos": 5,
      "n_neg": 2,
      "test_subjects": [
        "sub-CON03",
        "sub-CON08",
        "sub-PAT05",
        "sub-PAT11",
        "sub-PAT15",
        "sub-PAT17",
        "sub-PAT31"
      ],
      "auc": 0.3,
      "scores": [
        0.5005514621734619,
        0.5005930066108704,
        0.5004087686538696,
        0.5006369352340698,
        0.5005643963813782,
        0.5005464553833008,
        0.5004569888114929
      ],
      "labels": [
        0,
        0,
        1,
        1,
        1,
        1,
        1
      ],
      "elapsed_s": 193.1
    },
    {
      "fold": 3,
      "n_test": 7,
      "n_pos": 5,
      "n_neg": 2,
      "test_subjects": [
        "sub-CON01",
        "sub-CON05",
        "sub-PAT01",
        "sub-PAT02",
        "sub-PAT10",
        "sub-PAT16",
        "sub-PAT24"
      ],
      "auc": 0.2,
      "scores": [
        0.4982791244983673,
        0.49821123480796814,
        0.49726948142051697,
        0.49749916791915894,
        0.49794265627861023,
        0.49791163206100464,
        0.4983806908130646
      ],
      "labels": [
        0,
        0,
        1,
        1,
        1,
        1,
        1
      ],
      "elapsed_s": 193.0
    },
    {
      "fold": 4,
      "n_test": 7,
      "n_pos": 5,
      "n_neg": 2,
      "test_subjects": [
        "sub-CON10",
        "sub-CON11",
        "sub-PAT07",
        "sub-PAT13",
        "sub-PAT14",
        "sub-PAT20",
        "sub-PAT26"
      ],
      "auc": 0.6,
      "scores": [
        0.5034512877464294,
        0.5036293864250183,
        0.5036318898200989,
        0.5016424655914307,
        0.5032276511192322,
        0.5042277574539185,
        0.5044444799423218
      ],
      "labels": [
        0,
        0,
        1,
        1,
        1,
        1,
        1
      ],
      "elapsed_s": 193.0
    },
    {
      "fold": 5,
      "n_test": 7,
      "n_pos": 5,
      "n_neg": 2,
      "test_subjects": [
        "sub-CON02",
        "sub-CON04",
        "sub-PAT03",
        "sub-PAT06",
        "sub-PAT08",
        "sub-PAT19",
        "sub-PAT23"
      ],
      "auc": 0.2,
      "scores": [
        0.49848753213882446,
        0.49841704964637756,
        0.49796921014785767,
        0.49816420674324036,
        0.49868109822273254,
        0.49782097339630127,
        0.49726900458335876
      ],
      "labels": [
        0,
        0,
        1,
        1,
        1,
        1,
        1
      ],
      "elapsed_s": 181.4
    }
  ],
  "elapsed_min": 15.84
}
