{
  "checkpoint": "outputs/checkpoints/lodo/20260530_112625/best.pt",
  "split": "test",
  "n_samples": 1110,
  "n_positives": 587,
  "n_negatives": 523,
  "auc": 0.6236038319093423,
  "pr_auc": 0.6909044841835903,
  "metrics_at_threshold": {
    "threshold": 0.5,
    "tp": 397,
    "fp": 281,
    "tn": 242,
    "fn": 190,
    "accuracy": 0.5756756756756757,
    "sensitivity": 0.676320272572402,
    "specificity": 0.4627151051625239,
    "precision": 0.5855457227138643,
    "npv": 0.5601851851851852,
    "f1": 0.6276679841897232,
    "balanced_accuracy": 0.5695176888674629
  },
  "metrics_at_target_sensitivity": {
    "threshold": 0.005222788080573082,
    "tp": 558,
    "fp": 512,
    "tn": 11,
    "fn": 29,
    "accuracy": 0.5126126126126126,
    "sensitivity": 0.9505962521294719,
    "specificity": 0.021032504780114723,
    "precision": 0.5214953271028038,
    "npv": 0.275,
    "f1": 0.6735063367531684,
    "balanced_accuracy": 0.4858143784547933
  },
  "per_dataset": {
    "nki_rockland": {
      "threshold": 0.5,
      "tp": 0,
      "fp": 281,
      "tn": 242,
      "fn": 0,
      "accuracy": 0.4627151051625239,
      "sensitivity": NaN,
      "specificity": 0.4627151051625239,
      "precision": 0.0,
      "npv": 1.0,
      "f1": NaN,
      "balanced_accuracy": NaN,
      "auc": NaN,
      "n": 523,
      "n_pos": 0,
      "n_neg": 523,
      "score_mean": 0.5307729809823665,
      "score_std": 0.4178260128517637
    },
    "upenn": {
      "threshold": 0.5,
      "tp": 397,
      "fp": 0,
      "tn": 0,
      "fn": 190,
      "accuracy": 0.676320272572402,
      "sensitivity": 0.676320272572402,
      "specificity": NaN,
      "precision": 1.0,
      "npv": 0.0,
      "f1": 0.806910569105691,
      "balanced_accuracy": NaN,
      "auc": NaN,
      "n": 587,
      "n_pos": 587,
      "n_neg": 0,
      "score_mean": 0.6734105978629931,
      "score_std": 0.40578179986965357
    }
  }
}
