{
  "checkpoint": "outputs/checkpoints/lodo/20260530_225650/best.pt",
  "split": "test",
  "n_samples": 1157,
  "n_positives": 580,
  "n_negatives": 577,
  "auc": 0.20123110022111995,
  "pr_auc": 0.35179111053519074,
  "metrics_at_threshold": {
    "threshold": 0.5,
    "tp": 6,
    "fp": 20,
    "tn": 557,
    "fn": 574,
    "accuracy": 0.48660328435609335,
    "sensitivity": 0.010344827586206896,
    "specificity": 0.9653379549393414,
    "precision": 0.23076923076923078,
    "npv": 0.49248452696728556,
    "f1": 0.019801980198019802,
    "balanced_accuracy": 0.48784139126277415
  },
  "metrics_at_target_sensitivity": {
    "threshold": 0.042790357023477554,
    "tp": 551,
    "fp": 564,
    "tn": 13,
    "fn": 29,
    "accuracy": 0.4874675885911841,
    "sensitivity": 0.95,
    "specificity": 0.022530329289428077,
    "precision": 0.49417040358744396,
    "npv": 0.30952380952380953,
    "f1": 0.6501474926253688,
    "balanced_accuracy": 0.48626516464471403
  },
  "per_dataset": {
    "brats": {
      "threshold": 0.5,
      "tp": 6,
      "fp": 0,
      "tn": 0,
      "fn": 574,
      "accuracy": 0.010344827586206896,
      "sensitivity": 0.010344827586206896,
      "specificity": NaN,
      "precision": 1.0,
      "npv": 0.0,
      "f1": 0.020477815699658706,
      "balanced_accuracy": NaN,
      "auc": NaN,
      "n": 580,
      "n_pos": 580,
      "n_neg": 0,
      "score_mean": 0.06623290018660241,
      "score_std": 0.08880182236535511
    },
    "ixi": {
      "threshold": 0.5,
      "tp": 0,
      "fp": 20,
      "tn": 557,
      "fn": 0,
      "accuracy": 0.9653379549393414,
      "sensitivity": NaN,
      "specificity": 0.9653379549393414,
      "precision": 0.0,
      "npv": 1.0,
      "f1": NaN,
      "balanced_accuracy": NaN,
      "auc": NaN,
      "n": 577,
      "n_pos": 0,
      "n_neg": 577,
      "score_mean": 0.1251356770934947,
      "score_std": 0.14719480897307083
    }
  }
}
