{
  "confound_cnn_test_auc": 0.999965367965368,
  "lodo_A_cnn_test_auc": 0.6236038319093423,
  "lodo_A_cnn_test_sen": 0.676320272572402,
  "lodo_A_cnn_test_spe": 0.4627151051625239,
  "lodo_B_cnn_test_auc": 0.20123110022111995,
  "lodo_B_cnn_test_sen": 0.010344827586206896,
  "lodo_B_cnn_test_spe": 0.9653379549393414,
  "tiny_mix_logreg_auc": 1.0,
  "tiny_mix_rf_auc": 0.998943722943723,
  "tiny_lodo:train BraTS+IXI -> test UPENN+NKI:logreg": 0.9952444444444445,
  "tiny_lodo:train BraTS+IXI -> test UPENN+NKI:rf": 0.9888888888888889,
  "tiny_lodo:train UPENN+NKI -> test BraTS+IXI:logreg": 0.31835555555555556,
  "tiny_lodo:train UPENN+NKI -> test BraTS+IXI:rf": 0.6956666666666665,
  "tiny_lodo:train BraTS+NKI -> test UPENN+IXI:logreg": 0.041244444444444445,
  "tiny_lodo:train BraTS+NKI -> test UPENN+IXI:rf": 0.03377777777777777,
  "tiny_lodo:train UPENN+IXI -> test BraTS+NKI:logreg": 0.046933333333333334,
  "tiny_lodo:train UPENN+IXI -> test BraTS+NKI:rf": 0.2752,
  "tiny_lodo:REFERENCIA random-mix 70/30:logreg": 1.0,
  "tiny_lodo:REFERENCIA random-mix 70/30:rf": 0.9991340920336467,
  "btc_tiny_logreg_auc": 0.5490909090909091,
  "btc_tiny_logreg_ci95": [
    0.31917181069958844,
    0.7882011217948718
  ],
  "btc_tiny_rf_auc": 0.40545454545454546,
  "btc_tiny_rf_ci95": [
    0.21538461538461537,
    0.6161337925627239
  ],
  "btc_cnn_auc": 0.4036363636363636,
  "btc_cnn_ci95": [
    0.2128757840501792,
    0.6231363636363633
  ],
  "btc_cnn_sen": 0.6,
  "btc_cnn_spe": 0.36363636363636365
}