{
  "checkpoint": "outputs/checkpoints/20260527_152619/best.pt",
  "split": "test",
  "n_samples": 340,
  "n_positives": 175,
  "n_negatives": 165,
  "auc": 0.999965367965368,
  "pr_auc": 0.9999675324675324,
  "metrics_at_threshold": {
    "threshold": 0.5,
    "tp": 174,
    "fp": 0,
    "tn": 165,
    "fn": 1,
    "accuracy": 0.9970588235294118,
    "sensitivity": 0.9942857142857143,
    "specificity": 1.0,
    "precision": 1.0,
    "npv": 0.9939759036144579,
    "f1": 0.9971346704871061,
    "balanced_accuracy": 0.9971428571428571
  },
  "metrics_at_target_sensitivity": {
    "threshold": 0.9973964691162109,
    "tp": 167,
    "fp": 0,
    "tn": 165,
    "fn": 8,
    "accuracy": 0.9764705882352941,
    "sensitivity": 0.9542857142857143,
    "specificity": 1.0,
    "precision": 1.0,
    "npv": 0.953757225433526,
    "f1": 0.976608187134503,
    "balanced_accuracy": 0.9771428571428571
  },
  "per_dataset": {
    "brats": {
      "threshold": 0.5,
      "tp": 86,
      "fp": 0,
      "tn": 0,
      "fn": 1,
      "accuracy": 0.9885057471264368,
      "sensitivity": 0.9885057471264368,
      "specificity": NaN,
      "precision": 1.0,
      "npv": 0.0,
      "f1": 0.9942196531791908,
      "balanced_accuracy": NaN,
      "auc": NaN,
      "n": 87,
      "n_pos": 87,
      "n_neg": 0,
      "score_mean": 0.9859892639449273,
      "score_std": 0.09776790143518957
    },
    "upenn": {
      "threshold": 0.5,
      "tp": 88,
      "fp": 0,
      "tn": 0,
      "fn": 0,
      "accuracy": 1.0,
      "sensitivity": 1.0,
      "specificity": NaN,
      "precision": 1.0,
      "npv": NaN,
      "f1": 1.0,
      "balanced_accuracy": NaN,
      "auc": NaN,
      "n": 88,
      "n_pos": 88,
      "n_neg": 0,
      "score_mean": 0.9994945499030027,
      "score_std": 0.0004845106388782505
    },
    "ixi": {
      "threshold": 0.5,
      "tp": 0,
      "fp": 0,
      "tn": 86,
      "fn": 0,
      "accuracy": 1.0,
      "sensitivity": NaN,
      "specificity": 1.0,
      "precision": NaN,
      "npv": 1.0,
      "f1": NaN,
      "balanced_accuracy": NaN,
      "auc": NaN,
      "n": 86,
      "n_pos": 0,
      "n_neg": 86,
      "score_mean": 0.007042272528092009,
      "score_std": 0.017642735022395408
    },
    "nki_rockland": {
      "threshold": 0.5,
      "tp": 0,
      "fp": 0,
      "tn": 79,
      "fn": 0,
      "accuracy": 1.0,
      "sensitivity": NaN,
      "specificity": 1.0,
      "precision": NaN,
      "npv": 1.0,
      "f1": NaN,
      "balanced_accuracy": NaN,
      "auc": NaN,
      "n": 79,
      "n_pos": 0,
      "n_neg": 79,
      "score_mean": 0.0008081729078806843,
      "score_std": 0.0005396852136609373
    }
  }
}